Movie Name,Script File,Budget,Domestic Gross,Worldwide Gross
Avengers: Endgame,Avengers-Endgame_Screenplay.txt,"$400,000,000","$858,373,000","$2,748,242,781"
Avatar,Avatar_Screenplay.txt,"$237,000,000","$785,221,649","$2,923,706,026"
Pirates of the Caribbean: Dead Man’s Chest,Pirates-of-the-Caribbean-Dead-Man's-Chest_Screenplay.txt,"$225,000,000","$423,315,812","$1,066,179,725"
Men in Black 3,Men-in-Black-3_Screenplay.txt,"$215,000,000","$179,020,854","$654,213,485"
Tenet,Tenet_Screenplay.txt,"$205,000,000","$58,504,105","$359,518,466"
Black Panther,Black-Panther_Screenplay.txt,"$200,000,000","$700,059,566","$1,334,157,082"
Titanic,Titanic_Screenplay.txt,"$200,000,000","$674,460,013","$2,223,048,786"
Guardians of the Galaxy Vol 2,Guardians-of-the-Galaxy-Vol-2_Screenplay.txt,"$200,000,000","$389,813,101","$869,087,963"
Cars 2,Cars-2_Screenplay.txt,"$200,000,000","$191,450,875","$560,155,383"
Tron: Legacy,TRON-Legacy_Screenplay.txt,"$200,000,000","$172,062,763","$399,866,199"
2012,2012_Screenplay.txt,"$200,000,000","$166,112,167","$757,677,748"
Terminator Salvation,Terminator-Salvation_Screenplay.txt,"$200,000,000","$125,322,469","$365,491,792"
Killers of the Flower Moon,Killers-of-the-Flower-Moon_Screenplay.txt,"$200,000,000","$68,026,901","$156,424,331"
Thor: Ragnarok,Thor-Ragnarok_Screenplay.txt,"$180,000,000","$315,058,289","$850,482,778"
Up,Up_Screenplay.txt,"$175,000,000","$293,004,164","$731,463,377"
Coco,Coco_Screenplay.txt,"$175,000,000","$210,460,015","$796,401,721"
G.I. Joe: The Rise of Cobra,G.I.-Joe-The-Rise-of-Cobra_Screenplay.txt,"$175,000,000","$150,201,498","$302,469,017"
Wild Wild West,Wild-Wild-West_Screenplay.txt,"$175,000,000","$113,805,681","$221,229,335"
Snow White and the Huntsman,Snow-White-and-the-Huntsman_Screenplay.txt,"$170,000,000","$155,136,755","$401,021,746"
How to Train Your Dragon,How-to-Train-Your-Dragon_Screenplay.txt,"$165,000,000","$217,581,232","$494,870,992"
Interstellar,Interstellar_Screenplay.txt,"$165,000,000","$188,017,894","$647,040,051"
Shrek the Third,Shrek-the-Third_Screenplay.txt,"$160,000,000","$322,719,944","$807,330,936"
Inception,Inception_Screenplay.txt,"$160,000,000","$292,576,195","$825,786,894"
War for the Planet of the Apes,War-for-the-Planet-of-the-Apes_Screenplay.txt,"$152,000,000","$146,880,162","$489,592,267"
Pearl Harbor,Pearl-Harbor_Screenplay.txt,"$151,500,000","$198,539,855","$449,239,853"
Wonder Woman,Wonder-Woman_Screenplay.txt,"$150,000,000","$412,563,408","$817,691,766"
Frozen,Frozen_Screenplay.txt,"$150,000,000","$400,953,009","$1,273,876,199"
Zootopia,Zootopia_Screenplay.txt,"$150,000,000","$341,268,248","$1,002,462,578"
Hancock,Hancock_Screenplay.txt,"$150,000,000","$227,946,274","$624,234,272"
Thor,Thor_Screenplay.txt,"$150,000,000","$181,030,624","$449,326,618"
How to Train Your Dragon 2,How-to-Train-Your-Dragon-2_Screenplay.txt,"$145,000,000","$177,002,924","$614,586,270"
Rise of the Guardians,Rise-of-the-Guardians_Screenplay.txt,"$145,000,000","$103,412,758","$306,941,670"
Star Trek,Star-Trek_Screenplay.txt,"$140,000,000","$257,730,019","$386,839,614"
Armageddon,Armageddon_Screenplay.txt,"$140,000,000","$201,578,182","$554,600,000"
Watchmen,Watchmen_Screenplay.txt,"$138,000,000","$107,509,799","$186,976,250"
Miami Vice,Miami-Vice_Screenplay.txt,"$135,000,000","$63,478,838","$164,920,076"
War of the Worlds,War-of-the-Worlds_Screenplay.txt,"$132,000,000","$234,280,354","$606,836,535"
Kung Fu Panda,Kung-Fu-Panda_Screenplay.txt,"$130,000,000","$215,434,591","$631,910,531"
Megamind,Megamind_Screenplay.txt,"$130,000,000","$148,415,853","$321,887,208"
Logan,Logan_Screenplay.txt,"$127,000,000","$226,277,068","$614,202,315"
Prometheus,Prometheus_Screenplay.txt,"$125,000,000","$126,477,084","$402,448,265"
Life of Pi,Life-of-Pi_Screenplay.txt,"$120,000,000","$124,987,022","$619,310,368"
Ghost Rider,Ghost-Rider_Screenplay.txt,"$120,000,000","$115,802,596","$229,545,589"
Oblivion,Oblivion_Screenplay.txt,"$120,000,000","$89,107,235","$287,916,633"
Speed Racer,Speed-Racer_Screenplay.txt,"$120,000,000","$43,945,766","$93,394,462"
Gravity,Gravity_Screenplay.txt,"$110,000,000","$274,092,705","$684,657,731"
Ocean\'s Twelve,Ocean's-Twelve_Screenplay.txt,"$110,000,000","$125,531,634","$362,989,076"
Tomorrow Never Dies,Tomorrow-Never-Dies_Screenplay.txt,"$110,000,000","$125,304,276","$339,504,276"
Passengers,Passengers_Screenplay.txt,"$110,000,000","$100,014,699","$302,239,672"
Ali,Ali_Screenplay.txt,"$109,000,000","$58,183,966","$87,683,966"
"I, Robot","I,-Robot_Screenplay.txt","$105,000,000","$144,801,023","$348,629,585"
Starship Troopers,Starship-Troopers_Screenplay.txt,"$105,000,000","$54,768,952","$121,099,956"
Gone in 60 Seconds,Gone-in-60-Seconds_Screenplay.txt,"$103,300,000","$101,643,008","$232,643,008"
Gladiator,Gladiator_Screenplay.txt,"$103,000,000","$187,683,805","$451,683,599"
Public Enemies,Public-Enemies_Screenplay.txt,"$102,500,000","$97,104,620","$212,282,709"
Minority Report,Minority-Report_Screenplay.txt,"$102,000,000","$132,024,714","$358,824,714"
Django Unchained,Django-Unchained_Screenplay.txt,"$100,000,000","$162,805,434","$449,841,566"
True Lies,True-Lies_Screenplay.txt,"$100,000,000","$146,282,411","$365,300,000"
American Gangster,American-Gangster_Screenplay.txt,"$100,000,000","$130,164,645","$267,985,456"
Catwoman,Catwoman_Screenplay.txt,"$100,000,000","$40,202,379","$82,078,046"
Gangs of New York,Gangs-of-New-York_Screenplay.txt,"$97,000,000","$77,730,500","$183,124,621"
Finding Nemo,Finding-Nemo_Screenplay.txt,"$94,000,000","$380,529,370","$936,094,852"
Jurassic Park III,Jurassic-Park-III_Screenplay.txt,"$93,000,000","$181,166,115","$365,900,000"
Rise of the Planet of the Apes,Rise-of-the-Planet-of-the-Apes_Screenplay.txt,"$93,000,000","$176,760,185","$470,986,200"
Men in Black,Men-in-Black_Screenplay.txt,"$90,000,000","$250,690,539","$587,790,539"
Rush Hour 2,Rush-Hour-2_Screenplay.txt,"$90,000,000","$226,164,286","$347,425,832"
Sherlock Holmes,Sherlock-Holmes_Screenplay.txt,"$90,000,000","$209,028,679","$498,438,212"
What Lies Beneath,What-Lies-Beneath_Screenplay.txt,"$90,000,000","$155,464,351","$288,693,989"
Tropic Thunder,Tropic-Thunder_Screenplay.txt,"$90,000,000","$110,515,313","$191,145,256"
Valkyrie,Valkyrie_Screenplay.txt,"$90,000,000","$83,107,829","$203,932,174"
Hollow Man,Hollow-Man_Screenplay.txt,"$90,000,000","$73,209,340","$191,200,000"
Mission to Mars,Mission-to-Mars_Screenplay.txt,"$90,000,000","$60,874,615","$106,000,000"
Twister,Twister_Screenplay.txt,"$88,000,000","$241,688,385","$495,700,000"
Fantastic Four,Fantastic-Four_Screenplay.txt,"$87,500,000","$154,696,080","$333,132,750"
Hannibal,Hannibal_Screenplay.txt,"$87,000,000","$165,092,266","$350,100,280"
Cast Away,Cast-Away_Screenplay.txt,"$85,000,000","$233,632,142","$427,230,516"
Happy Feet,Happy-Feet_Screenplay.txt,"$85,000,000","$198,000,317","$385,000,315"
Ocean\'s Eleven,Ocean's-Eleven_Screenplay.txt,"$85,000,000","$183,417,150","$450,728,529"
Air Force One,Air-Force-One_Screenplay.txt,"$85,000,000","$172,956,409","$315,268,353"
Elvis,Elvis_Screenplay.txt,"$85,000,000","$151,416,153","$279,938,634"
It’s Complicated,It's-Complicated_Screenplay.txt,"$85,000,000","$112,735,375","$224,614,744"
Enemy of the State,Enemy-of-the-State_Screenplay.txt,"$85,000,000","$111,549,836","$250,649,836"
Meet Joe Black,Meet-Joe-Black_Screenplay.txt,"$85,000,000","$44,650,003","$44,650,003"
Collateral Damage,Collateral-Damage_Screenplay.txt,"$85,000,000","$40,048,332","$78,353,508"
Judge Dredd,Judge-Dredd_Screenplay.txt,"$85,000,000","$34,687,912","$113,487,912"
Scott Pilgrim vs. The World,Scott-Pilgrim-vs-the-World_Screenplay.txt,"$85,000,000","$32,951,310","$49,245,842"
Bruce Almighty,Bruce-Almighty_Screenplay.txt,"$81,000,000","$242,704,995","$484,468,608"
Mission: Impossible,Mission-Impossible_Screenplay.txt,"$80,000,000","$180,981,886","$457,697,994"
Something's Gotta Give,Something's-Gotta-Give_Screenplay.txt,"$80,000,000","$124,685,242","$266,685,242"
Eagle Eye,Eagle-Eye_Screenplay.txt,"$80,000,000","$101,440,743","$180,585,259"
Cold Mountain,Cold-Mountain_Screenplay.txt,"$80,000,000","$95,632,614","$165,173,909"
Swordfish,Swordfish_Screenplay.txt,"$80,000,000","$69,772,969","$147,080,413"
Lost In Space,Lost-in-Space_Screenplay.txt,"$80,000,000","$69,117,629","$136,047,317"
Mighty Joe Young,Mighty-Joe-Young_Screenplay.txt,"$80,000,000","$50,632,037","$50,632,037"
Little Nicky,Little-Nicky_Screenplay.txt,"$80,000,000","$39,442,871","$58,270,391"
Surrogates,Surrogates_Screenplay.txt,"$80,000,000","$38,577,772","$119,668,350"
Thirteen Days,Thirteen-Days_Screenplay.txt,"$80,000,000","$34,566,746","$66,554,547"
Nine,Nine_Screenplay.txt,"$80,000,000","$19,676,965","$56,984,219"
Red Planet,Red-Planet_Screenplay.txt,"$80,000,000","$17,480,890","$33,463,969"
Despicable Me 2,Despicable-Me-2_Screenplay.txt,"$76,000,000","$368,065,385","$975,216,835"
Independence Day,Independence-Day_Screenplay.txt,"$75,000,000","$306,169,255","$817,400,878"
Wanted,Wanted_Screenplay.txt,"$75,000,000","$134,508,551","$342,416,460"
Constantine,Constantine_Screenplay.txt,"$75,000,000","$75,976,178","$221,593,554"
Spanglish,Spanglish_Screenplay.txt,"$75,000,000","$42,044,321","$54,344,321"
Hostage,Hostage_Screenplay.txt,"$75,000,000","$34,636,443","$77,636,443"
Soldier,Soldier_Screenplay.txt,"$75,000,000","$14,623,082","$14,623,082"
Monkeybone,Monkeybone_Screenplay.txt,"$75,000,000","$5,409,517","$5,409,517"
Unbreakable,Unbreakable_Screenplay.txt,"$73,243,106","$94,999,143","$248,099,143"
Sphere,Sphere_Screenplay.txt,"$73,000,000","$37,068,294","$50,168,294"
Funny People,Funny-People_Screenplay.txt,"$72,500,000","$51,855,045","$71,880,305"
Braveheart,Braveheart_Screenplay.txt,"$72,000,000","$75,545,647","$209,045,244"
Signs,Signs_Screenplay.txt,"$70,702,619","$227,969,295","$408,250,578"
Runaway Bride,Runaway-Bride_Screenplay.txt,"$70,000,000","$152,257,509","$310,138,178"
xXx,xXx_Screenplay.txt,"$70,000,000","$141,930,000","$267,200,000"
Inglourious Basterds,Inglourious-Basterds_Screenplay.txt,"$70,000,000","$120,774,594","$316,802,281"
Die Hard 2,Die-Hard-2_Screenplay.txt,"$70,000,000","$117,323,878","$239,813,888"
Sleepy Hollow,Sleepy-Hollow_Screenplay.txt,"$70,000,000","$101,068,340","$207,068,340"
Vanilla Sky,Vanilla-Sky_Screenplay.txt,"$70,000,000","$100,614,858","$202,726,605"
Battle: Los Angeles,Battle-Los-Angeles_Screenplay.txt,"$70,000,000","$83,552,429","$213,463,976"
War Horse,War-Horse_Screenplay.txt,"$70,000,000","$79,883,359","$156,815,529"
Big Fish,Big-Fish_Screenplay.txt,"$70,000,000","$66,432,867","$123,954,323"
Hard Rain,Hard-Rain_Screenplay.txt,"$70,000,000","$19,870,567","$19,870,567"
Next,Next_Screenplay.txt,"$70,000,000","$18,211,013","$73,591,500"
Hall Pass,Hall-Pass_Screenplay.txt,"$68,000,000","$45,060,734","$87,173,475"
Mystery Men,Mystery-Men_Screenplay.txt,"$68,000,000","$29,762,011","$33,462,011"
Entrapment,Entrapment_Screenplay.txt,"$66,000,000","$87,707,396","$211,700,000"
Saving Private Ryan,Saving-Private-Ryan_Screenplay.txt,"$65,000,000","$216,335,085","$485,035,085"
Lincoln,Lincoln_Screenplay.txt,"$65,000,000","$182,207,973","$273,346,281"
Apollo 13,Apollo-13_Screenplay.txt,"$65,000,000","$173,772,767","$335,802,271"
You’ve Got Mail,You've-Got-Mail_Screenplay.txt,"$65,000,000","$115,821,495","$250,800,000"
Cliffhanger,Cliffhanger_Screenplay.txt,"$65,000,000","$84,049,211","$255,000,000"
Broken Arrow,Broken-Arrow_Screenplay.txt,"$65,000,000","$70,645,997","$148,345,997"
Blade: Trinity,Blade-Trinity_Screenplay.txt,"$65,000,000","$52,397,389","$131,353,165"
Fight Club,Fight-Club_Screenplay.txt,"$65,000,000","$37,030,102","$100,820,947"
Hudson Hawk,Hudson-Hawk_Screenplay.txt,"$65,000,000","$17,218,916","$17,218,916"
Jurassic Park,Jurassic-Park_Screenplay.txt,"$63,000,000","$415,404,543","$1,058,454,230"
Wild Hogs,Wild-Hogs_Screenplay.txt,"$60,000,000","$168,213,584","$253,555,383"
Collateral,Collateral_Screenplay.txt,"$60,000,000","$100,170,152","$217,602,967"
Antz,Antz_Screenplay.txt,"$60,000,000","$90,757,863","$152,457,863"
Man on Fire,Man-On-Fire_Screenplay.txt,"$60,000,000","$77,906,816","$130,968,579"
Coraline,Coraline_Screenplay.txt,"$60,000,000","$75,286,229","$126,037,057"
ParaNorman,ParaNorman_Screenplay.txt,"$60,000,000","$56,003,051","$108,119,662"
Alien: Resurrection,Alien-Resurrection_Screenplay.txt,"$60,000,000","$47,802,866","$160,707,848"
Year One,Year-One_Screenplay.txt,"$60,000,000","$43,337,279","$57,604,723"
Star Trek: Nemesis,Star-Trek-Nemesis_Screenplay.txt,"$60,000,000","$43,254,409","$67,312,826"
Invictus,Invictus_Screenplay.txt,"$60,000,000","$37,491,364","$124,514,011"
Intolerable Cruelty,Intolerable-Cruelty_Screenplay.txt,"$60,000,000","$35,327,628","$121,327,628"
Almost Famous,Almost-Famous_Screenplay.txt,"$60,000,000","$32,522,352","$47,371,191"
Analyze That,Analyze-That_Screenplay.txt,"$60,000,000","$32,122,249","$54,994,757"
Priest,Priest_Screenplay.txt,"$60,000,000","$29,136,626","$84,154,026"
Event Horizon,Event-Horizon_Screenplay.txt,"$60,000,000","$26,673,242","$26,673,954"
Deadpool,Deadpool_Screenplay.txt,"$58,000,000","$363,070,709","$781,947,691"
American Sniper,American-Sniper_Screenplay.txt,"$58,000,000","$350,126,372","$547,326,372"
Sex and the City,Sex-and-the-City_Screenplay.txt,"$57,500,000","$152,647,258","$415,247,258"
Devil’s Advocate,Devil's-Advocate_Screenplay.txt,"$57,000,000","$61,007,424","$153,007,424"
Into the Woods,Into-the-Woods_Screenplay.txt,"$56,200,000","$128,002,372","$212,416,317"
Walking Tall,Walking-Tall_Screenplay.txt,"$56,000,000","$46,213,824","$47,856,383"
Joker,Joker_Screenplay.txt,"$55,000,000","$335,451,311","$1,064,085,246"
Forrest Gump,Forrest-Gump_Screenplay.txt,"$55,000,000","$330,151,138","$679,835,137"
Date Night,Date-Night_Screenplay.txt,"$55,000,000","$98,711,404","$152,269,033"
Alien 3,Alien-3_Screenplay.txt,"$55,000,000","$54,927,174","$158,500,000"
Ronin,Ronin_Screenplay.txt,"$55,000,000","$41,610,884","$70,692,101"
Burlesque,Burlesque_Screenplay.txt,"$55,000,000","$39,440,655","$90,552,675"
Changeling,Changeling_Screenplay.txt,"$55,000,000","$35,739,802","$113,805,580"
Elizabeth: The Golden Age,Elizabeth-The-Golden-Age_Screenplay.txt,"$55,000,000","$16,285,240","$74,870,866"
All the King's Men,All-the-King's-Men_Screenplay.txt,"$55,000,000","$7,221,458","$9,521,458"
Thunderbirds,Thunderbirds_Screenplay.txt,"$55,000,000","$6,768,055","$28,231,444"
Law Abiding Citizen,Law-Abiding-Citizen_Screenplay.txt,"$53,000,000","$73,357,727","$131,159,781"
Anastasia,Anastasia_Screenplay.txt,"$53,000,000","$58,403,409","$139,801,096"
Beloved,Beloved_Screenplay.txt,"$53,000,000","$22,852,487","$22,852,487"
Zero Dark Thirty,Zero-Dark-Thirty_Screenplay.txt,"$52,500,000","$95,720,716","$134,612,435"
Catch Me if You Can,Catch-Me-If-You-Can_Screenplay.txt,"$52,000,000","$164,606,800","$355,612,291"
Casino,Casino_Screenplay.txt,"$52,000,000","$42,438,300","$110,400,000"
Man on the Moon,Man-on-the-Moon_Screenplay.txt,"$52,000,000","$34,580,635","$47,407,635"
Shrek,Shrek_Screenplay.txt,"$50,000,000","$268,028,651","$492,186,434"
Ted,Ted_Screenplay.txt,"$50,000,000","$218,665,740","$556,016,627"
Robin Hood: Prince of Thieves,Robin-Hood-Prince-of-Thieves_Screenplay.txt,"$50,000,000","$165,493,908","$390,500,000"
Jerry Maguire,Jerry-Maguire_Screenplay.txt,"$50,000,000","$153,952,592","$273,552,592"
As Good as it Gets,As-Good-As-It-Gets_Screenplay.txt,"$50,000,000","$148,478,011","$314,111,923"
Super 8,Super-8_Screenplay.txt,"$50,000,000","$127,004,179","$257,972,745"
Erin Brockovich,Erin-Brockovich_Screenplay.txt,"$50,000,000","$125,548,685","$257,805,243"
Interview with the Vampire,Interview-with-the-Vampire_Screenplay.txt,"$50,000,000","$105,264,608","$223,564,608"
Yes Man,Yes-Man_Screenplay.txt,"$50,000,000","$97,690,976","$225,990,976"
Stepmom,Stepmom_Screenplay.txt,"$50,000,000","$91,137,662","$159,745,279"
"Crazy, Stupid, Love","Crazy,-Stupid,-Love_Screenplay.txt","$50,000,000","$84,351,197","$146,493,974"
Moneyball,Moneyball_Screenplay.txt,"$50,000,000","$75,605,492","$111,300,835"
V for Vendetta,V-for-Vendetta_Screenplay.txt,"$50,000,000","$70,511,035","$130,214,162"
I am Number Four,I-Am-Number-Four_Screenplay.txt,"$50,000,000","$55,100,437","$146,195,159"
Syriana,Syriana_Screenplay.txt,"$50,000,000","$50,824,620","$92,690,959"
Absolute Power,Absolute-Power_Screenplay.txt,"$50,000,000","$50,068,310","$50,068,310"
G.I. Jane,G.I.-Jane_Screenplay.txt,"$50,000,000","$48,169,156","$48,169,156"
Ninja Assassin,Ninja-Assassin_Screenplay.txt,"$50,000,000","$38,122,883","$62,209,892"
Assassins,Assassins_Screenplay.txt,"$50,000,000","$30,306,268","$83,306,268"
Defiance,Defiance_Screenplay.txt,"$50,000,000","$28,644,813","$52,987,754"
Basic,Basic_Screenplay.txt,"$50,000,000","$26,599,248","$42,598,498"
Escape from L.A.,Escape-From-L.A._Screenplay.txt,"$50,000,000","$25,426,861","$25,426,861"
Gamer,Gamer_Screenplay.txt,"$50,000,000","$20,534,907","$42,002,029"
Eastern Promises,Eastern-Promises_Screenplay.txt,"$50,000,000","$17,181,265","$56,077,088"
Fair Game,Fair-Game_Screenplay.txt,"$50,000,000","$11,497,497","$26,097,497"
Drive Angry,Drive-Angry_Screenplay.txt,"$50,000,000","$10,721,033","$41,042,583"
Death to Smoochy,Death-to-Smoochy_Screenplay.txt,"$50,000,000","$8,355,815","$8,374,062"
Anna Karenina,Anna-Karenina_Screenplay.txt,"$49,000,000","$12,816,367","$71,004,627"
Indiana Jones and the Last Crusade,Indiana-Jones-and-the-Last-Crusade_Screenplay.txt,"$48,000,000","$197,171,806","$474,171,806"
Traffic,Traffic_Screenplay.txt,"$48,000,000","$124,107,476","$208,300,000"
Panic Room,Panic-Room_Screenplay.txt,"$48,000,000","$95,308,367","$196,308,367"
Three Kings,Three-Kings_Screenplay.txt,"$48,000,000","$60,652,036","$107,752,036"
Out of Sight,Out-of-Sight_Screenplay.txt,"$48,000,000","$37,562,568","$77,562,568"
Solaris,Solaris_Screenplay.txt,"$47,000,000","$14,970,038","$14,970,038"
My Best Friend's Wedding,My-Best-Friend's-Wedding_Screenplay.txt,"$46,000,000","$126,813,153","$298,923,419"
Star Trek: First Contact,Star-Trek-First-Contact_Screenplay.txt,"$46,000,000","$92,027,888","$150,000,000"
Insomnia,Insomnia_Screenplay.txt,"$46,000,000","$67,263,182","$113,622,499"
Liar Liar,Liar-Liar_Screenplay.txt,"$45,000,000","$181,410,615","$302,710,615"
Training Day,Training-Day_Screenplay.txt,"$45,000,000","$76,261,036","$104,505,352"
Scary Movie 2,Scary-Movie-2_Screenplay.txt,"$45,000,000","$71,277,420","$141,189,101"
Blade,Blade_Screenplay.txt,"$45,000,000","$70,141,876","$131,237,688"
Tin Cup,Tin-Cup_Screenplay.txt,"$45,000,000","$53,854,588","$75,854,588"
Cellular,Cellular_Screenplay.txt,"$45,000,000","$32,003,620","$61,453,420"
Revolutionary Road,Revolutionary-Road_Screenplay.txt,"$45,000,000","$22,951,340","$79,604,820"
Frankenstein,Frankenstein_Screenplay.txt,"$45,000,000","$22,006,296","$112,006,296"
Deep Rising,Deep-Rising_Screenplay.txt,"$45,000,000","$11,203,026","$11,203,026"
Argo,Argo_Screenplay.txt,"$44,500,000","$136,025,503","$227,140,757"
Notting Hill,Notting-Hill_Screenplay.txt,"$42,000,000","$116,089,678","$363,718,196"
Red Riding Hood,Red-Riding-Hood_Screenplay.txt,"$42,000,000","$37,662,162","$91,678,442"
15 Minutes,15-Minutes_Screenplay.txt,"$42,000,000","$24,375,436","$56,331,864"
Lord of War,Lord-of-War_Screenplay.txt,"$42,000,000","$24,149,632","$60,437,727"
American Hustle,American-Hustle_Screenplay.txt,"$40,000,000","$150,098,456","$257,858,943"
He's Just Not That Into You,He's-Just-Not-That-Into-You_Screenplay.txt,"$40,000,000","$93,953,653","$181,053,657"
Scream 3,Scream-3_Screenplay.txt,"$40,000,000","$89,138,076","$161,838,076"
JFK,JFK_Screenplay.txt,"$40,000,000","$70,405,498","$205,400,000"
17 Again,17-Again_Screenplay.txt,"$40,000,000","$64,167,069","$139,474,906"
Gothika,Gothika_Screenplay.txt,"$40,000,000","$59,588,068","$141,484,812"
Scream 4,Scream-4_Screenplay.txt,"$40,000,000","$38,180,928","$95,989,590"
Autumn in New York,Autumn-in-New-York_Screenplay.txt,"$40,000,000","$37,752,931","$90,717,684"
Paul,Paul_Screenplay.txt,"$40,000,000","$37,412,945","$101,162,106"
Colombiana,Colombiana_Screenplay.txt,"$40,000,000","$36,665,854","$72,295,262"
8MM,8MM_Screenplay.txt,"$40,000,000","$36,443,442","$96,398,826"
Arthur,Arthur_Screenplay.txt,"$40,000,000","$33,035,397","$47,787,943"
At First Sight,At-First-Sight_Screenplay.txt,"$40,000,000","$22,365,133","$22,365,133"
Fantastic Mr. Fox,Fantastic-Mr-Fox_Screenplay.txt,"$40,000,000","$21,002,919","$46,187,511"
Get Carter,Get-Carter_Screenplay.txt,"$40,000,000","$14,967,182","$19,417,182"
Amelia,Amelia_Screenplay.txt,"$40,000,000","$14,279,575","$19,756,077"
Cirque du Freak: The Vampire's Assistant,Cirque-du-Freak-The-Vampire's-Assistant_Screenplay.txt,"$40,000,000","$14,046,595","$39,753,957"
New York Minute,New-York-Minute_Screenplay.txt,"$40,000,000","$14,018,364","$21,156,715"
Pandorum,Pandorum_Screenplay.txt,"$40,000,000","$10,330,853","$17,033,431"
Frankenweenie,Frankenweenie_Screenplay.txt,"$39,000,000","$35,287,788","$81,150,788"
Star Trek: Generations,Star-Trek-Generations_Screenplay.txt,"$38,000,000","$75,671,262","$120,000,000"
Water for Elephants,Water-for-Elephants_Screenplay.txt,"$38,000,000","$58,709,717","$116,809,717"
Enough,Enough_Screenplay.txt,"$38,000,000","$39,177,215","$50,970,660"
Rush,Rush_Screenplay.txt,"$38,000,000","$26,947,624","$98,159,204"
Angel Eyes,Angel-Eyes_Screenplay.txt,"$38,000,000","$24,044,532","$29,544,532"
White Squall,White-Squall_Screenplay.txt,"$38,000,000","$10,229,300","$10,229,300"
Burn After Reading,Burn-After-Reading_Screenplay.txt,"$37,000,000","$60,355,347","$168,167,798"
Magnolia,Magnolia_Screenplay.txt,"$37,000,000","$22,450,975","$48,446,802"
John Q.,John-Q_Screenplay.txt,"$36,000,000","$71,026,631","$102,226,631"
Hot Tub Time Machine,Hot-Tub-Time-Machine_Screenplay.txt,"$36,000,000","$50,269,859","$65,967,750"
Breakdown,Breakdown_Screenplay.txt,"$36,000,000","$50,159,144","$50,159,144"
Reindeer Games,Reindeer-Games_Screenplay.txt,"$36,000,000","$23,360,779","$23,360,779"
Snow Falling on Cedars,Snow-Falling-On-Cedars_Screenplay.txt,"$36,000,000","$14,378,353","$14,378,353"
Gattaca,Gattaca_Screenplay.txt,"$36,000,000","$12,532,777","$12,532,777"
It,It_Screenplay.txt,"$35,000,000","$328,828,874","$701,012,746"
Batman,Batman_Screenplay.txt,"$35,000,000","$251,188,924","$411,348,924"
Austin Powers: The Spy Who Shagged Me,Austin-Powers---The-Spy-Who-Shagged-Me_Screenplay.txt,"$35,000,000","$206,040,085","$312,383,487"
True Grit,True-Grit_Screenplay.txt,"$35,000,000","$171,243,005","$252,276,928"
Rush Hour,Rush-Hour_Screenplay.txt,"$35,000,000","$141,186,864","$245,300,000"
Horrible Bosses,Horrible-Bosses_Screenplay.txt,"$35,000,000","$117,538,559","$212,417,601"
Saving Mr. Banks,Saving-Mr.-Banks_Screenplay.txt,"$35,000,000","$83,299,761","$114,962,525"
Star Trek: The Motion Picture,Star-Trek-The-Motion-Picture_Screenplay.txt,"$35,000,000","$82,258,456","$139,000,000"
This is 40,This-is-40_Screenplay.txt,"$35,000,000","$67,544,505","$90,221,182"
L.A. Confidential,L.A.-Confidential_Screenplay.txt,"$35,000,000","$64,604,977","$126,204,977"
TMNT,TMNT_Screenplay.txt,"$35,000,000","$54,149,098","$96,096,018"
Malcolm X,Malcolm-X_Screenplay.txt,"$35,000,000","$48,169,910","$48,169,910"
Donnie Brasco,Donnie-Brasco_Screenplay.txt,"$35,000,000","$41,954,997","$65,303,052"
Max Payne,Max-Payne_Screenplay.txt,"$35,000,000","$40,689,393","$87,775,050"
Resident Evil,Resident-Evil_Screenplay.txt,"$35,000,000","$40,119,709","$103,787,401"
Mirrors,Mirrors_Screenplay.txt,"$35,000,000","$30,691,439","$77,220,596"
Queen of the Damned,Queen-of-the-Damned_Screenplay.txt,"$35,000,000","$30,307,804","$30,307,804"
Flash Gordon,Flash-Gordon_Screenplay.txt,"$35,000,000","$27,107,960","$27,176,825"
Wonder Boys,Wonder-Boys_Screenplay.txt,"$35,000,000","$19,389,454","$33,422,485"
American Outlaws,American-Outlaws_Screenplay.txt,"$35,000,000","$13,264,986","$13,601,109"
Whiteout,Whiteout_Screenplay.txt,"$35,000,000","$10,275,638","$12,254,746"
A Few Good Men,A-Few-Good-Men_Screenplay.txt,"$33,000,000","$141,340,178","$236,500,000"
Bridesmaids,Bridesmaids_Screenplay.txt,"$32,500,000","$169,211,718","$289,632,023"
Source Code,Source-Code_Screenplay.txt,"$32,000,000","$54,712,227","$140,428,499"
Bringing Out The Dead,Bringing-Out-the-Dead_Screenplay.txt,"$32,000,000","$16,640,210","$16,640,210"
Apocalypse Now,Apocalypse-Now_Screenplay.txt,"$31,500,000","$83,535,860","$85,959,710"
42,42_Screenplay.txt,"$31,000,000","$95,020,213","$97,470,701"
Flight,Flight_Screenplay.txt,"$31,000,000","$93,772,375","$160,558,438"
Frequency,Frequency_Screenplay.txt,"$31,000,000","$44,983,704","$68,079,671"
Get Shorty,Get-Shorty_Screenplay.txt,"$30,250,000","$72,021,008","$115,021,008"
Toy Story,Toy-Story_Screenplay.txt,"$30,000,000","$192,523,233","$365,270,951"
La La Land,La-La-Land_Screenplay.txt,"$30,000,000","$151,101,803","$433,850,071"
Analyze This,Analyze-This_Screenplay.txt,"$30,000,000","$106,885,658","$176,885,658"
Se7en,Se7en_Screenplay.txt,"$30,000,000","$100,125,643","$328,125,643"
Looper,Looper_Screenplay.txt,"$30,000,000","$66,486,205","$170,466,405"
Midnight in Paris,Midnight-in-Paris_Screenplay.txt,"$30,000,000","$56,816,662","$162,275,213"
Blow,Blow_Screenplay.txt,"$30,000,000","$52,990,775","$83,282,296"
Sicario,Sicario_Screenplay.txt,"$30,000,000","$46,889,293","$84,264,182"
Black Rain,Black-Rain_Screenplay.txt,"$30,000,000","$45,892,212","$133,892,212"
John Wick,John-Wick_Screenplay.txt,"$30,000,000","$43,037,835","$87,790,603"
Drag Me To Hell,Drag-Me-to-Hell_Screenplay.txt,"$30,000,000","$42,100,625","$91,388,487"
Hanna,Hanna_Screenplay.txt,"$30,000,000","$40,259,119","$65,343,694"
Larry Crowne,Larry-Crowne_Screenplay.txt,"$30,000,000","$35,608,245","$61,449,135"
9,9_Screenplay.txt,"$30,000,000","$31,749,894","$48,559,999"
Get on Up,Get-on-Up_Screenplay.txt,"$30,000,000","$30,569,935","$33,339,868"
Virtuosity,Virtuosity_Screenplay.txt,"$30,000,000","$23,998,226","$23,998,226"
Fright Night,Fright-Night_Screenplay.txt,"$30,000,000","$18,298,649","$40,520,649"
Eight Legged Freaks,Eight-Legged-Freaks_Screenplay.txt,"$30,000,000","$17,266,505","$36,722,311"
Antitrust,Antitrust_Screenplay.txt,"$30,000,000","$10,965,209","$17,865,209"
Machine Gun Preacher,Machine-Gun-Preacher_Screenplay.txt,"$30,000,000","$538,690","$3,721,988"
12 Monkeys,12-Monkeys_Screenplay.txt,"$29,000,000","$57,141,459","$168,841,459"
Awakenings,Awakenings_Screenplay.txt,"$29,000,000","$51,636,504","$51,636,504"
Confessions of a Dangerous Mind,Confessions-of-a-Dangerous-Mind_Screenplay.txt,"$29,000,000","$16,007,718","$33,013,805"
Mumford,Mumford_Screenplay.txt,"$28,700,000","$4,559,569","$4,559,569"
Indiana Jones and the Temple of Doom,Indiana-Jones-and-the-Temple-of-Doom_Screenplay.txt,"$28,000,000","$179,880,271","$333,080,271"
Straight Outta Compton,Straight-Outta-Compton_Screenplay.txt,"$28,000,000","$161,197,785","$202,182,981"
Die Hard,Die-Hard_Screenplay.txt,"$28,000,000","$85,892,546","$143,651,650"
30 Minutes or Less,30-Minutes-or-Less_Screenplay.txt,"$28,000,000","$37,053,924","$41,146,935"
Blade Runner,Blade-Runner_Screenplay.txt,"$28,000,000","$32,656,328","$39,581,774"
We Own the Night,We-Own-the-Night_Screenplay.txt,"$28,000,000","$28,563,179","$55,307,857"
Kundun,Kundun_Screenplay.txt,"$28,000,000","$5,686,694","$5,686,694"
Knocked Up,Knocked-Up_Screenplay.txt,"$27,500,000","$148,761,765","$219,265,952"
Anonymous,Anonymous_Screenplay.txt,"$27,500,000","$4,463,292","$15,815,509"
Limitless,Limitless_Screenplay.txt,"$27,000,000","$79,249,455","$155,564,919"
Lake Placid,Lake-Placid_Screenplay.txt,"$27,000,000","$31,770,413","$31,770,413"
Dark City,Dark-City_Screenplay.txt,"$27,000,000","$14,435,076","$27,257,061"
Case 39,Case-39_Screenplay.txt,"$27,000,000","$13,261,851","$28,773,827"
Suspect Zero,Suspect-Zero_Screenplay.txt,"$27,000,000","$8,712,564","$8,723,600"
Shakespeare in Love,Shakespeare-in-Love_Screenplay.txt,"$26,000,000","$100,317,794","$279,500,000"
Pineapple Express,Pineapple-Express_Screenplay.txt,"$26,000,000","$87,341,380","$102,404,019"
Philadelphia,Philadelphia_Screenplay.txt,"$26,000,000","$77,324,422","$201,324,422"
Final Destination 2,Final-Destination-2_Screenplay.txt,"$26,000,000","$46,896,664","$90,396,664"
Legion,Legion_Screenplay.txt,"$26,000,000","$40,168,080","$67,647,574"
Blood and Wine,Blood-and-Wine_Screenplay.txt,"$26,000,000","$1,083,350","$1,083,350"
Gran Torino,Gran-Torino_Screenplay.txt,"$25,000,000","$148,095,302","$274,543,085"
Schindler’s List,Schindler's-List_Screenplay.txt,"$25,000,000","$96,898,818","$322,197,130"
Up in the Air,Up-in-the-Air_Screenplay.txt,"$25,000,000","$83,823,381","$166,842,739"
Freddy vs. Jason,Freddy-vs.-Jason_Screenplay.txt,"$25,000,000","$82,622,655","$114,576,403"
No Country for Old Men,No-Country-for-Old-Men_Screenplay.txt,"$25,000,000","$74,273,505","$164,035,753"
No Strings Attached,No-Strings-Attached_Screenplay.txt,"$25,000,000","$70,662,220","$149,228,078"
Tombstone,Tombstone_Screenplay.txt,"$25,000,000","$56,505,065","$56,505,065"
Scarface,Scarface_Screenplay.txt,"$25,000,000","$45,227,398","$45,233,082"
August: Osage County,August-Osage-County_Screenplay.txt,"$25,000,000","$37,738,810","$50,738,810"
Cradle 2 the Grave,Cradle-2-the-Grave_Screenplay.txt,"$25,000,000","$34,657,731","$56,434,942"
Warrior,Warrior_Screenplay.txt,"$25,000,000","$13,657,115","$24,215,385"
Deception,Deception_Screenplay.txt,"$25,000,000","$4,598,506","$12,850,033"
Scream 2,Scream-2_Screenplay.txt,"$24,000,000","$101,363,301","$172,363,301"
I Still Know What You Did Last Summer,I-Still-Know-What-You-Did-Last-Summer_Screenplay.txt,"$24,000,000","$40,020,622","$40,020,622"
Nurse Betty,Nurse-Betty_Screenplay.txt,"$24,000,000","$25,170,054","$27,732,366"
Foxcatcher,Foxcatcher_Screenplay.txt,"$24,000,000","$12,096,300","$19,303,058"
Bad Boys,Bad-Boys_Screenplay.txt,"$23,000,000","$65,647,413","$141,247,413"
Final Destination,Final-Destination_Screenplay.txt,"$23,000,000","$53,302,314","$112,036,870"
Pitch Black,Pitch-Black_Screenplay.txt,"$23,000,000","$39,235,088","$53,182,088"
Her,Her_Screenplay.txt,"$23,000,000","$25,568,251","$48,038,809"
Ghost,Ghost_Screenplay.txt,"$22,000,000","$217,631,306","$517,599,988"
There's Something About Mary,There's-Something-About-Mary_Screenplay.txt,"$22,000,000","$176,484,651","$369,884,651"
Gandhi,Gandhi_Screenplay.txt,"$22,000,000","$52,767,889","$127,767,889"
I Am Sam,I-am-Sam_Screenplay.txt,"$22,000,000","$40,270,895","$92,542,418"
Jay and Silent Bob Strike Back,Jay-and-Silent-Bob-Strike-Back_Screenplay.txt,"$22,000,000","$30,059,386","$33,762,400"
Silver Linings Playbook,Silver-Linings-Playbook_Screenplay.txt,"$21,000,000","$132,092,958","$236,412,453"
Tinker Tailor Soldier Spy,Tinker-Tailor-Soldier-Spy_Screenplay.txt,"$21,000,000","$24,149,393","$81,428,388"
The Rage: Carrie 2,The-Rage-Carrie-2_Screenplay.txt,"$21,000,000","$17,760,244","$17,760,244"
eXistenZ,eXistenZ_Screenplay.txt,"$20,700,000","$2,840,417","$2,840,417"
Jaws 2,Jaws-2_Screenplay.txt,"$20,000,000","$102,922,376","$208,900,376"
Disturbia,Disturbia_Screenplay.txt,"$20,000,000","$80,818,974","$118,537,627"
Obsessed,Obsessed_Screenplay.txt,"$20,000,000","$68,261,644","$73,964,713"
12 Years a Slave,12-Years-a-Slave_Screenplay.txt,"$20,000,000","$56,671,993","$180,765,061"
Edward Scissorhands,Edward-Scissorhands_Screenplay.txt,"$20,000,000","$53,976,987","$53,980,220"
Orphan,Orphan_Screenplay.txt,"$20,000,000","$41,596,251","$78,769,428"
Eternal Sunshine of the Spotless Mind,Eternal-Sunshine-of-the-Spotless-Mind_Screenplay.txt,"$20,000,000","$34,366,518","$72,401,378"
Babel,Babel_Screenplay.txt,"$20,000,000","$34,302,837","$132,121,212"
Copycat,Copycat_Screenplay.txt,"$20,000,000","$32,051,917","$32,051,917"
She's Out of My League,She's-Out-of-My-League_Screenplay.txt,"$20,000,000","$32,010,860","$48,680,977"
Milk,Milk_Screenplay.txt,"$20,000,000","$31,841,299","$57,293,371"
Ghost Ship,Ghost-Ship_Screenplay.txt,"$20,000,000","$30,113,491","$68,349,884"
Wild Things,Wild-Things_Screenplay.txt,"$20,000,000","$29,795,299","$55,576,210"
High Fidelity,High-Fidelity_Screenplay.txt,"$20,000,000","$27,277,055","$47,881,663"
From Dusk Till Dawn,From-Dusk-Till-Dawn_Screenplay.txt,"$20,000,000","$25,728,961","$25,736,162"
Monte Carlo,Monte-Carlo_Screenplay.txt,"$20,000,000","$23,186,769","$39,686,769"
Psycho,Psycho_Screenplay.txt,"$20,000,000","$21,541,218","$37,226,218"
Into the Wild,Into-the-Wild_Screenplay.txt,"$20,000,000","$18,354,356","$56,822,960"
A Most Violent Year,A-Most-Violent-Year_Screenplay.txt,"$20,000,000","$5,749,134","$8,869,722"
A Scanner Darkly,A-Scanner-Darkly_Screenplay.txt,"$20,000,000","$5,501,616","$7,405,084"
Alone in the Dark,Alone-in-the-Dark_Screenplay.txt,"$20,000,000","$5,178,569","$10,588,079"
"Synecdoche, New York","Synecdoche,-New-York_Screenplay.txt","$20,000,000","$3,083,538","$4,383,538"
Dances with Wolves,Dances-with-Wolves_Screenplay.txt,"$19,000,000","$184,208,842","$424,208,805"
Bad Teacher,Bad-Teacher_Screenplay.txt,"$19,000,000","$100,292,856","$215,448,997"
Gone Baby Gone,Gone-Baby-Gone_Screenplay.txt,"$19,000,000","$20,300,218","$34,359,030"
Adaptation,Adaptation_Screenplay.txt,"$18,500,000","$22,498,520","$32,531,756"
Fear and Loathing in Las Vegas,Fear-and-Loathing-in-Las-Vegas_Screenplay.txt,"$18,500,000","$10,680,275","$13,711,903"
Big,Big_Screenplay.txt,"$18,000,000","$114,968,774","$151,665,347"
Legally Blonde,Legally-Blonde_Screenplay.txt,"$18,000,000","$96,493,426","$141,809,235"
Bad Santa,Bad-Santa_Screenplay.txt,"$18,000,000","$60,060,328","$77,147,031"
Predator,Predator_Screenplay.txt,"$18,000,000","$59,735,548","$98,267,558"
Austin Powers: International Man of Mystery,Austin-Powers---International-Man-of-Mystery_Screenplay.txt,"$18,000,000","$53,883,989","$67,683,989"
Amadeus,Amadeus_Screenplay.txt,"$18,000,000","$51,973,029","$51,973,029"
Prom Night,Prom-Night_Screenplay.txt,"$18,000,000","$43,869,350","$57,193,655"
Peggy Sue Got Married,Peggy-Sue-Got-Married_Screenplay.txt,"$18,000,000","$41,382,841","$41,382,841"
Observe and Report,Observe-and-Report_Screenplay.txt,"$18,000,000","$24,007,324","$27,148,898"
Raging Bull,Raging-Bull_Screenplay.txt,"$18,000,000","$23,380,203","$23,417,649"
127 Hours,127-Hours_Screenplay.txt,"$18,000,000","$18,335,230","$60,217,171"
Life as a House,Life-As-A-House_Screenplay.txt,"$18,000,000","$15,652,637","$23,889,158"
Youth in Revolt,Youth-in-Revolt_Screenplay.txt,"$18,000,000","$15,285,588","$19,685,588"
Dragonslayer,Dragonslayer_Screenplay.txt,"$18,000,000","$6,000,000","$6,000,000"
Ed Wood,Ed-Wood_Screenplay.txt,"$18,000,000","$5,828,466","$5,828,734"
RocknRolla,RocknRolla_Screenplay.txt,"$18,000,000","$5,700,626","$27,794,339"
Superbad,Superbad_Screenplay.txt,"$17,500,000","$121,463,226","$169,955,142"
Hotel Rwanda,Hotel-Rwanda_Screenplay.txt,"$17,500,000","$23,519,128","$36,520,451"
A Quiet Place,A-Quiet-Place_Screenplay.txt,"$17,000,000","$188,024,361","$334,876,670"
Aliens,Aliens_Screenplay.txt,"$17,000,000","$85,160,248","$183,291,893"
Sideways,Sideways_Screenplay.txt,"$17,000,000","$71,502,303","$109,726,800"
Evil Dead,Evil-Dead_Screenplay.txt,"$17,000,000","$54,239,856","$99,010,045"
Smokin' Aces,Smokin'-Aces_Screenplay.txt,"$17,000,000","$35,662,731","$57,263,440"
Tron,TRON_Screenplay.txt,"$17,000,000","$26,918,576","$26,919,100"
They,They_Screenplay.txt,"$17,000,000","$12,840,842","$16,140,842"
My Girl,My-Girl_Screenplay.txt,"$16,500,000","$58,011,485","$58,011,485"
Wall Street,Wall-Street_Screenplay.txt,"$16,500,000","$43,848,100","$43,848,100"
Sense and Sensibility,Sense-and-Sensibility_Screenplay.txt,"$16,500,000","$42,993,774","$134,993,774"
Dead Poets Society,Dead-Poets-Society_Screenplay.txt,"$16,400,000","$95,860,116","$239,500,000"
Moonrise Kingdom,Moonrise-Kingdom_Screenplay.txt,"$16,000,000","$45,512,466","$68,848,446"
Remember Me,Remember-Me_Screenplay.txt,"$16,000,000","$19,068,240","$56,506,120"
Jennifer's Body,Jennifer's-Body_Screenplay.txt,"$16,000,000","$16,204,793","$31,943,401"
Highlander,Highlander_Screenplay.txt,"$16,000,000","$5,900,000","$12,900,000"
Detroit Rock City,Detroit-Rock-City_Screenplay.txt,"$16,000,000","$4,217,115","$5,825,314"
Slither,Slither_Screenplay.txt,"$15,250,000","$7,802,450","$12,930,343"
Top Gun,Top-Gun_Screenplay.txt,"$15,000,000","$180,470,489","$357,463,748"
American Beauty,American-Beauty_Screenplay.txt,"$15,000,000","$130,058,047","$356,258,047"
"Crouching Tiger, Hidden Dragon","Crouching-Tiger,-Hidden-Dragon_Screenplay.txt","$15,000,000","$128,519,357","$213,966,221"
Twins,Twins_Screenplay.txt,"$15,000,000","$111,936,388","$216,600,000"
BlacKkKlansman,BlacKkKlansman_Screenplay.txt,"$15,000,000","$49,275,340","$93,411,426"
When a Stranger Calls,When-a-Stranger-Calls_Screenplay.txt,"$15,000,000","$47,860,214","$67,215,435"
Wag the Dog,Wag-the-Dog_Screenplay.txt,"$15,000,000","$43,057,470","$64,252,038"
Drive,Drive_Screenplay.txt,"$15,000,000","$35,060,689","$81,357,930"
Malibu’s Most Wanted,Malibu's-Most-Wanted_Screenplay.txt,"$15,000,000","$34,308,901","$34,499,204"
All About Steve,All-About-Steve_Screenplay.txt,"$15,000,000","$33,862,903","$40,127,259"
Boogie Nights,Boogie-Nights_Screenplay.txt,"$15,000,000","$26,410,771","$43,111,725"
Highlander: Endgame,Highlander-Endgame_Screenplay.txt,"$15,000,000","$12,801,190","$12,801,190"
Confidence,Confidence_Screenplay.txt,"$15,000,000","$12,212,417","$12,970,401"
Brazil,Brazil_Screenplay.txt,"$15,000,000","$9,929,135","$9,934,484"
Black Snake Moan,Black-Snake-Moan_Screenplay.txt,"$15,000,000","$9,396,870","$10,951,153"
Mulholland Drive,Mulholland-Drive_Screenplay.txt,"$15,000,000","$7,219,578","$20,780,568"
Groundhog Day,Groundhog-Day_Screenplay.txt,"$14,600,000","$71,097,843","$71,112,677"
Pretty Woman,Pretty-Woman_Screenplay.txt,"$14,000,000","$178,406,268","$432,566,361"
Slumdog Millionaire,Slumdog-Millionaire_Screenplay.txt,"$14,000,000","$141,330,703","$383,825,427"
Jojo Rabbit,Jojo-Rabbit_Screenplay.txt,"$14,000,000","$33,370,906","$86,878,073"
Jason X,Jason-X_Screenplay.txt,"$14,000,000","$13,121,555","$16,951,798"
Margaret,Margaret_Screenplay.txt,"$14,000,000","$47,185","$623,292"
Clueless,Clueless_Screenplay.txt,"$13,700,000","$56,598,476","$57,956,789"
Black Swan,Black-Swan_Screenplay.txt,"$13,000,000","$106,954,678","$331,266,710"
Save the Last Dance,Save-the-Last-Dance_Screenplay.txt,"$13,000,000","$91,038,276","$122,244,329"
10 Things I Hate About You,10-Things-I-Hate-About-You_Screenplay.txt,"$13,000,000","$38,177,966","$60,413,950"
Ex Machina,Ex-Machina_Screenplay.txt,"$13,000,000","$25,440,971","$38,261,299"
Being John Malkovich,Being-John-Malkovich_Screenplay.txt,"$13,000,000","$22,858,926","$32,382,381"
Room,Room_Screenplay.txt,"$13,000,000","$14,677,674","$36,316,727"
Serial Mom,Serial-Mom_Screenplay.txt,"$13,000,000","$7,881,335","$7,884,087"
Birthday Girl,Birthday-Girl_Screenplay.txt,"$13,000,000","$4,919,896","$8,130,727"
"I Love You, Phillip Morris",I-Love-You-Phillip-Morris_Screenplay.txt,"$13,000,000","$2,037,459","$23,014,027"
Machete,Machete_Screenplay.txt,"$12,500,000","$26,593,646","$46,370,970"
True Romance,True-Romance_Screenplay.txt,"$12,500,000","$12,281,000","$12,643,293"
Jaws,Jaws_Screenplay.txt,"$12,000,000","$272,965,550","$483,655,893"
American Pie,American-Pie_Screenplay.txt,"$12,000,000","$101,800,948","$234,723,148"
Star Trek II: The Wrath of Khan,Star-Trek-II-The-Wrath-of-Khan_Screenplay.txt,"$12,000,000","$78,912,963","$95,800,000"
Ace Ventura: Pet Detective,Ace-Ventura-Pet-Detective_Screenplay.txt,"$12,000,000","$72,217,396","$107,217,396"
Witness,Witness_Screenplay.txt,"$12,000,000","$65,532,576","$65,532,576"
Chronicle,Chronicle_Screenplay.txt,"$12,000,000","$64,575,175","$123,681,790"
Jackie Brown,Jackie-Brown_Screenplay.txt,"$12,000,000","$39,673,162","$74,727,492"
Crank,Crank_Screenplay.txt,"$12,000,000","$27,838,408","$43,924,923"
Stir of Echoes,Stir-of-Echoes_Screenplay.txt,"$12,000,000","$21,133,087","$23,059,379"
Rachel Getting Married,Rachel-Getting-Married_Screenplay.txt,"$12,000,000","$12,796,861","$17,475,475"
Arbitrage,Arbitrage_Screenplay.txt,"$12,000,000","$7,919,574","$35,830,713"
Gremlins,Gremlins_Screenplay.txt,"$11,000,000","$151,661,913","$152,445,758"
Major League,Major-League_Screenplay.txt,"$11,000,000","$49,793,054","$49,793,054"
Phone Booth,Phone-Booth_Screenplay.txt,"$11,000,000","$46,566,212","$97,837,138"
Cruel Intentions,Cruel-Intentions_Screenplay.txt,"$11,000,000","$38,665,260","$76,238,901"
Barry Lyndon,Barry-Lyndon_Screenplay.txt,"$11,000,000","$20,000,000","$20,221,274"
Army of Darkness,Army-of-Darkness_Screenplay.txt,"$11,000,000","$11,502,976","$21,502,976"
Alien,Alien_Screenplay.txt,"$10,700,000","$64,324,049","$186,955,482"
2001: A Space Odyssey,2001-A-Space-Odyssey_Screenplay.txt,"$10,500,000","$59,936,321","$71,796,856"
Good Will Hunting,Good-Will-Hunting_Screenplay.txt,"$10,000,000","$138,433,435","$225,925,989"
St. Elmo’s Fire,St.-Elmo's-Fire_Screenplay.txt,"$10,000,000","$37,800,000","$37,800,000"
Commando,Commando_Screenplay.txt,"$10,000,000","$35,073,978","$35,078,913"
Dogma,Dogma_Screenplay.txt,"$10,000,000","$30,651,422","$43,948,865"
Snatch,Snatch_Screenplay.txt,"$10,000,000","$30,093,107","$83,593,107"
Mud,Mud_Screenplay.txt,"$10,000,000","$21,590,086","$31,556,959"
Rushmore,Rushmore_Screenplay.txt,"$10,000,000","$17,105,219","$19,080,435"
Tremors,Tremors_Screenplay.txt,"$10,000,000","$16,667,084","$16,668,089"
My Week with Marilyn,My-Week-with-Marilyn_Screenplay.txt,"$10,000,000","$14,597,405","$34,240,572"
Big Eyes,Big-Eyes_Screenplay.txt,"$10,000,000","$14,482,031","$27,317,872"
Office Space,Office-Space_Screenplay.txt,"$10,000,000","$10,827,813","$12,179,708"
Drop Dead Gorgeous,Drop-Dead-Gorgeous_Screenplay.txt,"$10,000,000","$10,571,408","$10,571,408"
Very Bad Things,Very-Bad-Things_Screenplay.txt,"$10,000,000","$9,949,470","$21,094,974"
Bones,Bones_Screenplay.txt,"$10,000,000","$7,316,658","$8,378,853"
Cedar Rapids,Cedar-Rapids_Screenplay.txt,"$10,000,000","$6,861,102","$7,862,131"
American History X,American-History-X_Screenplay.txt,"$10,000,000","$6,719,864","$6,719,864"
Bamboozled,Bamboozled_Screenplay.txt,"$10,000,000","$2,185,266","$2,373,937"
Cecil B. Demented,Cecil-B.-Demented_Screenplay.txt,"$10,000,000","$1,276,984","$1,953,882"
Coriolanus,Coriolanus_Screenplay.txt,"$10,000,000","$749,641","$2,536,707"
Amour,Amour_Screenplay.txt,"$9,700,000","$6,738,954","$36,787,044"
Next Friday,Next-Friday_Screenplay.txt,"$9,500,000","$57,176,582","$59,675,307"
Heavy Metal,Heavy-Metal_Screenplay.txt,"$9,300,000","$19,571,091","$19,571,091"
All the President’s Men,All-the-President's-Men_Screenplay.txt,"$8,500,000","$51,048,435","$51,048,857"
Election,Election_Screenplay.txt,"$8,500,000","$14,943,582","$17,202,854"
Pulp Fiction,Pulp-Fiction_Screenplay.txt,"$8,000,000","$107,928,762","$212,891,760"
Easy A,Easy-A_Screenplay.txt,"$8,000,000","$58,401,464","$76,200,721"
28 Days Later…,28-Days-Later_Screenplay.txt,"$8,000,000","$45,064,915","$82,784,517"
American Psycho,American-Psycho_Screenplay.txt,"$8,000,000","$15,070,285","$34,270,285"
Under Fire,Under-Fire_Screenplay.txt,"$8,000,000","$5,696,391","$5,696,391"
(500) Days of Summer,500-Days-of-Summer_Screenplay.txt,"$7,500,000","$32,425,665","$34,515,303"
An Education,An-Education_Screenplay.txt,"$7,500,000","$12,574,914","$29,652,736"
Extract,Extract_Screenplay.txt,"$7,500,000","$10,823,158","$10,849,158"
Juno,Juno_Screenplay.txt,"$7,000,000","$143,495,265","$231,450,102"
Capote,Capote_Screenplay.txt,"$7,000,000","$28,750,530","$49,924,079"
Logan's Run,Logan's-Run_Screenplay.txt,"$7,000,000","$25,000,000","$25,000,000"
Fargo,Fargo_Screenplay.txt,"$7,000,000","$24,567,751","$51,203,507"
Buffy the Vampire Slayer,Buffy-the-Vampire-Slayer_Screenplay.txt,"$7,000,000","$14,231,669","$14,231,669"
"House of 1,000 Corpses",House-of-1000-Corpses_Screenplay.txt,"$7,000,000","$12,634,962","$17,005,466"
Silver Bullet,Silver-Bullet_Screenplay.txt,"$7,000,000","$10,803,211","$10,803,211"
A Serious Man,A-Serious-Man_Screenplay.txt,"$7,000,000","$9,228,788","$30,360,570"
Get Low,Get-Low_Screenplay.txt,"$7,000,000","$9,176,933","$10,828,305"
20th Century Women,20th-Century-Women_Screenplay.txt,"$7,000,000","$5,664,763","$9,353,729"
Hesher,Hesher_Screenplay.txt,"$7,000,000","$382,946","$382,946"
Go!,Go_Screenplay.txt,"$6,500,000","$16,875,273","$28,383,441"
Shame,Shame_Screenplay.txt,"$6,500,000","$4,002,293","$20,412,841"
Ordinary People,Ordinary-People_Screenplay.txt,"$6,200,000","$52,302,978","$52,302,978"
Platoon,Platoon_Screenplay.txt,"$6,000,000","$137,963,328","$137,978,395"
Mary Poppins,Mary-Poppins_Screenplay.txt,"$6,000,000","$102,272,145","$102,298,714"
Do the Right Thing,Do-The-Right-Thing_Screenplay.txt,"$6,000,000","$26,004,026","$26,051,502"
Escape from New York,Escape-From-New-York_Screenplay.txt,"$6,000,000","$25,244,700","$25,276,350"
Chinatown,Chinatown_Screenplay.txt,"$6,000,000","$23,169,837","$23,170,994"
Beasts of No Nation,Beasts-of-No-Nation_Screenplay.txt,"$6,000,000","$90,777","$90,777"
Ghost World,Ghost-World_Screenplay.txt,"$5,500,000","$6,217,849","$8,761,608"
Grabbers,Grabbers_Screenplay.txt,"$5,300,000",$0,"$440,821"
Get Out,Get-Out_Screenplay.txt,"$5,000,000","$175,837,935","$252,297,405"
Dallas Buyers Club,Dallas-Buyers-Club_Screenplay.txt,"$5,000,000","$27,298,285","$60,611,845"
Memento,Memento_Screenplay.txt,"$5,000,000","$25,544,867","$39,719,431"
Halloween: The Curse of Michael Myers,Halloween-The-Curse-of-Michael-Myers_Screenplay.txt,"$5,000,000","$15,126,948","$15,126,948"
Friday the 13th Part VIII: Jason Takes Manhattan,Friday-the-13th-Part-VIII-Jason-Takes-Manhattan_Screenplay.txt,"$5,000,000","$14,343,976","$14,343,976"
Lone Star,Lone-Star_Screenplay.txt,"$5,000,000","$12,961,389","$12,961,389"
April Fool's Day,April-Fool's-Day_Screenplay.txt,"$5,000,000","$12,947,763","$12,947,763"
Diner,Diner_Screenplay.txt,"$5,000,000","$12,592,907","$12,592,907"
Sunshine Cleaning,Sunshine-Cleaning_Screenplay.txt,"$5,000,000","$12,062,558","$17,329,337"
Win Win,Win-Win_Screenplay.txt,"$5,000,000","$10,179,275","$11,869,063"
Made,Made_Screenplay.txt,"$5,000,000","$5,308,707","$5,476,060"
Moon,Moon_Screenplay.txt,"$5,000,000","$5,010,163","$10,676,073"
Heavenly Creatures,Heavenly-Creatures_Screenplay.txt,"$5,000,000","$3,046,086","$5,438,120"
Light Sleeper,Light-Sleeper_Screenplay.txt,"$5,000,000","$1,050,861","$1,050,861"
Bottle Rocket,Bottle-Rocket_Screenplay.txt,"$5,000,000","$407,488","$407,576"
Sling Blade,Sling-Blade_Screenplay.txt,"$4,833,610","$24,475,416","$34,175,000"
Only God Forgives,Only-God-Forgives_Screenplay.txt,"$4,800,000","$775,849","$4,494,560"
Take Shelter,Take-Shelter_Screenplay.txt,"$4,750,000","$1,728,953","$4,972,016"
Fast Times at Ridgemont High,Fast-Times-at-Ridgemont-High_Screenplay.txt,"$4,500,000","$27,092,880","$27,093,116"
25th Hour,25th-Hour_Screenplay.txt,"$4,500,000","$13,084,595","$25,344,490"
Bound,Bound_Screenplay.txt,"$4,500,000","$3,802,260","$7,011,317"
After.Life,After.Life_Screenplay.txt,"$4,500,000","$108,596","$2,481,925"
One Flew Over the Cuckoo\'s Nest,One-Flew-Over-the-Cuckoo's-Nest_Screenplay.txt,"$4,400,000","$108,981,275","$163,274,115"
Lost in Translation,Lost-in-Translation_Screenplay.txt,"$4,000,000","$44,585,453","$117,085,297"
Annie Hall,Annie-Hall_Screenplay.txt,"$4,000,000","$38,251,425","$38,252,270"
Leaving Las Vegas,Leaving-Las-Vegas_Screenplay.txt,"$4,000,000","$31,983,777","$49,800,000"
Boyhood,Boyhood_Screenplay.txt,"$4,000,000","$25,379,975","$57,273,049"
Four Rooms,Four-Rooms_Screenplay.txt,"$4,000,000","$4,301,000","$4,301,000"
Midnight Cowboy,Midnight-Cowboy_Screenplay.txt,"$3,600,000","$44,785,053","$44,796,329"
Airplane!,Airplane_Screenplay.txt,"$3,500,000","$83,453,539","$83,454,307"
Gods and Monsters,Gods-and-Monsters_Screenplay.txt,"$3,500,000","$6,451,628","$6,451,628"
Margin Call,Margin-Call_Screenplay.txt,"$3,400,000","$5,353,586","$20,433,227"
Whiplash,Whiplash_Screenplay.txt,"$3,300,000","$13,092,006","$39,228,747"
Beginners,Beginners_Screenplay.txt,"$3,200,000","$5,790,894","$14,314,407"
Feast,Feast_Screenplay.txt,"$3,200,000","$56,131","$690,872"
It’s a Wonderful Life,It's-a-Wonderful-Life_Screenplay.txt,"$3,180,000","$12,241,691","$16,420,592"
Trainspotting,Trainspotting_Screenplay.txt,"$3,100,000","$16,501,785","$71,548,935"
Days of Heaven,Days-of-Heaven_Screenplay.txt,"$3,000,000","$3,446,749","$3,660,880"
Basquiat,Basquiat_Screenplay.txt,"$3,000,000","$2,962,051","$2,962,051"
Timber Falls,Timber-Falls_Screenplay.txt,"$2,600,000",$0,"$71,248"
Bonnie and Clyde,Bonnie-and-Clyde_Screenplay.txt,"$2,500,000","$50,700,000","$50,700,128"
Garden State,Garden-State_Screenplay.txt,"$2,500,000","$26,782,316","$36,028,802"
Mad Max 2: The Road Warrior,Mad-Max-2-The-Road-Warrior_Screenplay.txt,"$2,000,000","$23,667,907","$23,668,859"
American Splendor,American-Splendor_Screenplay.txt,"$2,000,000","$6,003,587","$8,685,632"
Buried,Buried_Screenplay.txt,"$1,987,650","$1,044,143","$21,270,290"
Taxi Driver,Taxi-Driver_Screenplay.txt,"$1,900,000","$28,262,574","$28,448,654"
Beasts of the Southern Wild,Beasts-of-the-Southern-Wild_Screenplay.txt,"$1,800,000","$12,795,746","$23,265,132"
I Spit on Your Grave,I-Spit-on-Your-Grave_Screenplay.txt,"$1,750,000","$93,051","$1,278,471"
In the Bedroom,In-the-Bedroom_Screenplay.txt,"$1,700,000","$35,930,604","$42,137,871"
From Here to Eternity,From-Here-to-Eternity_Screenplay.txt,"$1,650,000","$30,500,000","$30,500,000"
Insidious,Insidious_Screenplay.txt,"$1,500,000","$54,009,150","$99,870,886"
Kids,Kids_Screenplay.txt,"$1,500,000","$7,412,216","$20,412,216"
Repo Man,Repo-Man_Screenplay.txt,"$1,500,000","$2,300,000","$2,300,728"
Blood Simple,Blood-Simple_Screenplay.txt,"$1,500,000","$1,690,913","$2,730,877"
Killing Zoe,Killing-Zoe_Screenplay.txt,"$1,500,000","$418,953","$418,953"
"Lock, Stock and Two Smoking Barrels","Lock,-Stock-and-Two-Smoking-Barrels_Screenplay.txt","$1,350,000","$3,897,569","$28,356,188"
Dear White People,Dear-White-People_Screenplay.txt,"$1,250,000","$4,404,154","$5,403,771"
Saw,Saw_Screenplay.txt,"$1,200,000","$55,968,727","$103,880,027"
"Sex, Lies, and Videotape","Sex,-Lies-and-Videotape_Screenplay.txt","$1,200,000","$24,741,667","$36,741,667"
You Can Count on Me,You-Can-Count-On-Me_Screenplay.txt,"$1,200,000","$9,180,275","$10,827,356"
Strangers on a Train,Strangers-on-a-Train_Screenplay.txt,"$1,200,000","$7,000,000","$7,022,725"
Reservoir Dogs,Reservoir-Dogs_Screenplay.txt,"$1,200,000","$2,832,029","$2,990,680"
Grand Theft Parsons,Grand-Theft-Parsons_Screenplay.txt,"$1,200,000",$0,$0
Rocky,Rocky_Screenplay.txt,"$1,000,000","$117,235,147","$225,000,000"
Hellraiser,Hellraiser_Screenplay.txt,"$1,000,000","$14,564,000","$14,575,148"
Blue Valentine,Blue-Valentine_Screenplay.txt,"$1,000,000","$9,737,892","$16,566,240"
Martha Marcy May Marlene,Martha-Marcy-May-Marlene_Screenplay.txt,"$1,000,000","$2,981,038","$5,438,911"
Frozen River,Frozen-River_Screenplay.txt,"$1,000,000","$2,511,476","$6,030,129"
Jimmy and Judy,Jimmy-and-Judy_Screenplay.txt,"$1,000,000",$0,$0
Fruitvale Station,Fruitvale-Station_Screenplay.txt,"$900,000","$16,098,998","$17,549,645"
American Graffiti,American-Graffiti_Screenplay.txt,"$777,000","$115,557,835","$140,557,835"
Brick,Brick_Screenplay.txt,"$450,000","$2,075,743","$4,243,996"
Napoleon Dynamite,Napoleon-Dynamite_Screenplay.txt,"$400,000","$44,540,956","$46,122,713"
It Happened One Night,It-Happened-One-Night_Screenplay.txt,"$325,000","$2,500,000","$2,500,503"
Chasing Amy,Chasing-Amy_Screenplay.txt,"$250,000","$12,006,514","$15,155,095"
Cube,Cube_Screenplay.txt,"$250,000","$489,220","$8,969,065"
Swingers,Swingers_Screenplay.txt,"$200,000","$4,505,922","$6,618,578"
Pi,Pi_Screenplay.txt,"$68,000","$3,221,152","$4,678,513"
Clerks,Clerks_Screenplay.txt,"$27,000","$3,073,428","$3,894,240"
El Mariachi,El-Mariachi_Screenplay.txt,"$7,000","$2,040,920","$2,041,928"
